{
    "last_incremental_time": 0.07600069046020508,
    "last_full_recompute_time": 0.09502458572387695
}